ImageNumber,ObjectNumber,Metadata_Date,Metadata_DateTime,Metadata_FileLocation,Metadata_Frame,Metadata_NR,Metadata_STAIN,Metadata_Series,Metadata_T_NUMBER,Metadata_X,Metadata_Xcoord,Metadata_Y,Metadata_Ycoord,Location_Center_X,Location_Center_Y,Location_Center_Z,Number_Object_Number
1,1,nan,2017-12-23_00.46.16,file:/Users/tpeters4/Desktop/CellProfiler%20upgrade_study/SR/summary/AE11.T02-7271.SR.2017-12-23_00.46.16.X2000.Y12000.normalized.tile.tissue.png,0,AE11,SR,0,T02-7271,nan,X2000,nan,Y12000,58.63623978201635,363.04632152588556,0,1
1,2,nan,2017-12-23_00.46.16,file:/Users/tpeters4/Desktop/CellProfiler%20upgrade_study/SR/summary/AE11.T02-7271.SR.2017-12-23_00.46.16.X2000.Y12000.normalized.tile.tissue.png,0,AE11,SR,0,T02-7271,nan,X2000,nan,Y12000,1903.0910973084885,394.1035196687371,0,2
1,3,nan,2017-12-23_00.46.16,file:/Users/tpeters4/Desktop/CellProfiler%20upgrade_study/SR/summary/AE11.T02-7271.SR.2017-12-23_00.46.16.X2000.Y12000.normalized.tile.tissue.png,0,AE11,SR,0,T02-7271,nan,X2000,nan,Y12000,115.92113095238095,402.61607142857144,0,3
1,4,nan,2017-12-23_00.46.16,file:/Users/tpeters4/Desktop/CellProfiler%20upgrade_study/SR/summary/AE11.T02-7271.SR.2017-12-23_00.46.16.X2000.Y12000.normalized.tile.tissue.png,0,AE11,SR,0,T02-7271,nan,X2000,nan,Y12000,39.88939393939394,417.9651515151515,0,4
1,5,nan,2017-12-23_00.46.16,file:/Users/tpeters4/Desktop/CellProfiler%20upgrade_study/SR/summary/AE11.T02-7271.SR.2017-12-23_00.46.16.X2000.Y12000.normalized.tile.tissue.png,0,AE11,SR,0,T02-7271,nan,X2000,nan,Y12000,1934.453125,469.02734375,0,5
1,6,nan,2017-12-23_00.46.16,file:/Users/tpeters4/Desktop/CellProfiler%20upgrade_study/SR/summary/AE11.T02-7271.SR.2017-12-23_00.46.16.X2000.Y12000.normalized.tile.tissue.png,0,AE11,SR,0,T02-7271,nan,X2000,nan,Y12000,1916.7021996615906,474.64128595600675,0,6
1,7,nan,2017-12-23_00.46.16,file:/Users/tpeters4/Desktop/CellProfiler%20upgrade_study/SR/summary/AE11.T02-7271.SR.2017-12-23_00.46.16.X2000.Y12000.normalized.tile.tissue.png,0,AE11,SR,0,T02-7271,nan,X2000,nan,Y12000,180.73497688751925,473.73343605546995,0,7
1,8,nan,2017-12-23_00.46.16,file:/Users/tpeters4/Desktop/CellProfiler%20upgrade_study/SR/summary/AE11.T02-7271.SR.2017-12-23_00.46.16.X2000.Y12000.normalized.tile.tissue.png,0,AE11,SR,0,T02-7271,nan,X2000,nan,Y12000,278.5366726296959,504.47227191413236,0,8
1,9,nan,2017-12-23_00.46.16,file:/Users/tpeters4/Desktop/CellProfiler%20upgrade_study/SR/summary/AE11.T02-7271.SR.2017-12-23_00.46.16.X2000.Y12000.normalized.tile.tissue.png,0,AE11,SR,0,T02-7271,nan,X2000,nan,Y12000,269.61323155216286,527.9669211195928,0,9
1,10,nan,2017-12-23_00.46.16,file:/Users/tpeters4/Desktop/CellProfiler%20upgrade_study/SR/summary/AE11.T02-7271.SR.2017-12-23_00.46.16.X2000.Y12000.normalized.tile.tissue.png,0,AE11,SR,0,T02-7271,nan,X2000,nan,Y12000,448.6721991701245,574.99377593361,0,10
1,11,nan,2017-12-23_00.46.16,file:/Users/tpeters4/Desktop/CellProfiler%20upgrade_study/SR/summary/AE11.T02-7271.SR.2017-12-23_00.46.16.X2000.Y12000.normalized.tile.tissue.png,0,AE11,SR,0,T02-7271,nan,X2000,nan,Y12000,286.35858585858585,572.469696969697,0,11
1,12,nan,2017-12-23_00.46.16,file:/Users/tpeters4/Desktop/CellProfiler%20upgrade_study/SR/summary/AE11.T02-7271.SR.2017-12-23_00.46.16.X2000.Y12000.normalized.tile.tissue.png,0,AE11,SR,0,T02-7271,nan,X2000,nan,Y12000,388.5739644970414,575.9378698224853,0,12
1,13,nan,2017-12-23_00.46.16,file:/Users/tpeters4/Desktop/CellProfiler%20upgrade_study/SR/summary/AE11.T02-7271.SR.2017-12-23_00.46.16.X2000.Y12000.normalized.tile.tissue.png,0,AE11,SR,0,T02-7271,nan,X2000,nan,Y12000,257.1445497630332,616.4502369668246,0,13
1,14,nan,2017-12-23_00.46.16,file:/Users/tpeters4/Desktop/CellProfiler%20upgrade_study/SR/summary/AE11.T02-7271.SR.2017-12-23_00.46.16.X2000.Y12000.normalized.tile.tissue.png,0,AE11,SR,0,T02-7271,nan,X2000,nan,Y12000,374.3389121338912,607.5983263598326,0,14
1,15,nan,2017-12-23_00.46.16,file:/Users/tpeters4/Desktop/CellProfiler%20upgrade_study/SR/summary/AE11.T02-7271.SR.2017-12-23_00.46.16.X2000.Y12000.normalized.tile.tissue.png,0,AE11,SR,0,T02-7271,nan,X2000,nan,Y12000,226.43627450980392,630.1323529411765,0,15
1,16,nan,2017-12-23_00.46.16,file:/Users/tpeters4/Desktop/CellProfiler%20upgrade_study/SR/summary/AE11.T02-7271.SR.2017-12-23_00.46.16.X2000.Y12000.normalized.tile.tissue.png,0,AE11,SR,0,T02-7271,nan,X2000,nan,Y12000,485.2681992337165,631.3409961685824,0,16
1,17,nan,2017-12-23_00.46.16,file:/Users/tpeters4/Desktop/CellProfiler%20upgrade_study/SR/summary/AE11.T02-7271.SR.2017-12-23_00.46.16.X2000.Y12000.normalized.tile.tissue.png,0,AE11,SR,0,T02-7271,nan,X2000,nan,Y12000,467.3590909090909,664.8818181818182,0,17
1,18,nan,2017-12-23_00.46.16,file:/Users/tpeters4/Desktop/CellProfiler%20upgrade_study/SR/summary/AE11.T02-7271.SR.2017-12-23_00.46.16.X2000.Y12000.normalized.tile.tissue.png,0,AE11,SR,0,T02-7271,nan,X2000,nan,Y12000,135.15831134564644,672.5145118733509,0,18
1,19,nan,2017-12-23_00.46.16,file:/Users/tpeters4/Desktop/CellProfiler%20upgrade_study/SR/summary/AE11.T02-7271.SR.2017-12-23_00.46.16.X2000.Y12000.normalized.tile.tissue.png,0,AE11,SR,0,T02-7271,nan,X2000,nan,Y12000,510.14942528735634,712.8781609195403,0,19
1,20,nan,2017-12-23_00.46.16,file:/Users/tpeters4/Desktop/CellProfiler%20upgrade_study/SR/summary/AE11.T02-7271.SR.2017-12-23_00.46.16.X2000.Y12000.normalized.tile.tissue.png,0,AE11,SR,0,T02-7271,nan,X2000,nan,Y12000,365.27142857142854,713.2985714285714,0,20
1,21,nan,2017-12-23_00.46.16,file:/Users/tpeters4/Desktop/CellProfiler%20upgrade_study/SR/summary/AE11.T02-7271.SR.2017-12-23_00.46.16.X2000.Y12000.normalized.tile.tissue.png,0,AE11,SR,0,T02-7271,nan,X2000,nan,Y12000,266.0172661870504,727.2345323741007,0,21
1,22,nan,2017-12-23_00.46.16,file:/Users/tpeters4/Desktop/CellProfiler%20upgrade_study/SR/summary/AE11.T02-7271.SR.2017-12-23_00.46.16.X2000.Y12000.normalized.tile.tissue.png,0,AE11,SR,0,T02-7271,nan,X2000,nan,Y12000,572.4533582089553,762.4216417910447,0,22
1,23,nan,2017-12-23_00.46.16,file:/Users/tpeters4/Desktop/CellProfiler%20upgrade_study/SR/summary/AE11.T02-7271.SR.2017-12-23_00.46.16.X2000.Y12000.normalized.tile.tissue.png,0,AE11,SR,0,T02-7271,nan,X2000,nan,Y12000,226.80838323353294,764.6302395209581,0,23
1,24,nan,2017-12-23_00.46.16,file:/Users/tpeters4/Desktop/CellProfiler%20upgrade_study/SR/summary/AE11.T02-7271.SR.2017-12-23_00.46.16.X2000.Y12000.normalized.tile.tissue.png,0,AE11,SR,0,T02-7271,nan,X2000,nan,Y12000,781.0341463414634,756.3609756097561,0,24
1,25,nan,2017-12-23_00.46.16,file:/Users/tpeters4/Desktop/CellProfiler%20upgrade_study/SR/summary/AE11.T02-7271.SR.2017-12-23_00.46.16.X2000.Y12000.normalized.tile.tissue.png,0,AE11,SR,0,T02-7271,nan,X2000,nan,Y12000,70.40816326530613,779.7687074829932,0,25
1,26,nan,2017-12-23_00.46.16,file:/Users/tpeters4/Desktop/CellProfiler%20upgrade_study/SR/summary/AE11.T02-7271.SR.2017-12-23_00.46.16.X2000.Y12000.normalized.tile.tissue.png,0,AE11,SR,0,T02-7271,nan,X2000,nan,Y12000,24.137404580152673,785.9351145038167,0,26
1,27,nan,2017-12-23_00.46.16,file:/Users/tpeters4/Desktop/CellProfiler%20upgrade_study/SR/summary/AE11.T02-7271.SR.2017-12-23_00.46.16.X2000.Y12000.normalized.tile.tissue.png,0,AE11,SR,0,T02-7271,nan,X2000,nan,Y12000,576.8372881355932,789.9898305084746,0,27
1,28,nan,2017-12-23_00.46.16,file:/Users/tpeters4/Desktop/CellProfiler%20upgrade_study/SR/summary/AE11.T02-7271.SR.2017-12-23_00.46.16.X2000.Y12000.normalized.tile.tissue.png,0,AE11,SR,0,T02-7271,nan,X2000,nan,Y12000,128.4189723320158,793.8083003952569,0,28
1,29,nan,2017-12-23_00.46.16,file:/Users/tpeters4/Desktop/CellProfiler%20upgrade_study/SR/summary/AE11.T02-7271.SR.2017-12-23_00.46.16.X2000.Y12000.normalized.tile.tissue.png,0,AE11,SR,0,T02-7271,nan,X2000,nan,Y12000,381.66530612244895,788.0367346938775,0,29
1,30,nan,2017-12-23_00.46.16,file:/Users/tpeters4/Desktop/CellProfiler%20upgrade_study/SR/summary/AE11.T02-7271.SR.2017-12-23_00.46.16.X2000.Y12000.normalized.tile.tissue.png,0,AE11,SR,0,T02-7271,nan,X2000,nan,Y12000,294.1189189189189,795.5689189189189,0,30
1,31,nan,2017-12-23_00.46.16,file:/Users/tpeters4/Desktop/CellProfiler%20upgrade_study/SR/summary/AE11.T02-7271.SR.2017-12-23_00.46.16.X2000.Y12000.normalized.tile.tissue.png,0,AE11,SR,0,T02-7271,nan,X2000,nan,Y12000,749.6385281385282,794.3354978354978,0,31
1,32,nan,2017-12-23_00.46.16,file:/Users/tpeters4/Desktop/CellProfiler%20upgrade_study/SR/summary/AE11.T02-7271.SR.2017-12-23_00.46.16.X2000.Y12000.normalized.tile.tissue.png,0,AE11,SR,0,T02-7271,nan,X2000,nan,Y12000,1719.8971871968963,810.6517943743938,0,32
1,33,nan,2017-12-23_00.46.16,file:/Users/tpeters4/Desktop/CellProfiler%20upgrade_study/SR/summary/AE11.T02-7271.SR.2017-12-23_00.46.16.X2000.Y12000.normalized.tile.tissue.png,0,AE11,SR,0,T02-7271,nan,X2000,nan,Y12000,688.4362745098039,803.0343137254902,0,33
1,34,nan,2017-12-23_00.46.16,file:/Users/tpeters4/Desktop/CellProfiler%20upgrade_study/SR/summary/AE11.T02-7271.SR.2017-12-23_00.46.16.X2000.Y12000.normalized.tile.tissue.png,0,AE11,SR,0,T02-7271,nan,X2000,nan,Y12000,1101.9170731707318,808.3853658536585,0,34
1,35,nan,2017-12-23_00.46.16,file:/Users/tpeters4/Desktop/CellProfiler%20upgrade_study/SR/summary/AE11.T02-7271.SR.2017-12-23_00.46.16.X2000.Y12000.normalized.tile.tissue.png,0,AE11,SR,0,T02-7271,nan,X2000,nan,Y12000,856.0388888888889,820.9222222222222,0,35
1,36,nan,2017-12-23_00.46.16,file:/Users/tpeters4/Desktop/CellProfiler%20upgrade_study/SR/summary/AE11.T02-7271.SR.2017-12-23_00.46.16.X2000.Y12000.normalized.tile.tissue.png,0,AE11,SR,0,T02-7271,nan,X2000,nan,Y12000,46.3646408839779,816.5469613259669,0,36
1,37,nan,2017-12-23_00.46.16,file:/Users/tpeters4/Desktop/CellProfiler%20upgrade_study/SR/summary/AE11.T02-7271.SR.2017-12-23_00.46.16.X2000.Y12000.normalized.tile.tissue.png,0,AE11,SR,0,T02-7271,nan,X2000,nan,Y12000,593.9867021276596,831.1808510638298,0,37
1,38,nan,2017-12-23_00.46.16,file:/Users/tpeters4/Desktop/CellProfiler%20upgrade_study/SR/summary/AE11.T02-7271.SR.2017-12-23_00.46.16.X2000.Y12000.normalized.tile.tissue.png,0,AE11,SR,0,T02-7271,nan,X2000,nan,Y12000,264.4950773558368,831.7763713080169,0,38
1,39,nan,2017-12-23_00.46.16,file:/Users/tpeters4/Desktop/CellProfiler%20upgrade_study/SR/summary/AE11.T02-7271.SR.2017-12-23_00.46.16.X2000.Y12000.normalized.tile.tissue.png,0,AE11,SR,0,T02-7271,nan,X2000,nan,Y12000,94.75862068965517,840.1914893617021,0,39
1,40,nan,2017-12-23_00.46.16,file:/Users/tpeters4/Desktop/CellProfiler%20upgrade_study/SR/summary/AE11.T02-7271.SR.2017-12-23_00.46.16.X2000.Y12000.normalized.tile.tissue.png,0,AE11,SR,0,T02-7271,nan,X2000,nan,Y12000,641.5951219512195,831.3268292682927,0,40
1,41,nan,2017-12-23_00.46.16,file:/Users/tpeters4/Desktop/CellProfiler%20upgrade_study/SR/summary/AE11.T02-7271.SR.2017-12-23_00.46.16.X2000.Y12000.normalized.tile.tissue.png,0,AE11,SR,0,T02-7271,nan,X2000,nan,Y12000,1766.8709677419354,849.752688172043,0,41
1,42,nan,2017-12-23_00.46.16,file:/Users/tpeters4/Desktop/CellProfiler%20upgrade_study/SR/summary/AE11.T02-7271.SR.2017-12-23_00.46.16.X2000.Y12000.normalized.tile.tissue.png,0,AE11,SR,0,T02-7271,nan,X2000,nan,Y12000,207.0655172413793,842.4551724137931,0,42
1,43,nan,2017-12-23_00.46.16,file:/Users/tpeters4/Desktop/CellProfiler%20upgrade_study/SR/summary/AE11.T02-7271.SR.2017-12-23_00.46.16.X2000.Y12000.normalized.tile.tissue.png,0,AE11,SR,0,T02-7271,nan,X2000,nan,Y12000,1167.4705882352941,849.3903743315508,0,43
1,44,nan,2017-12-23_00.46.16,file:/Users/tpeters4/Desktop/CellProfiler%20upgrade_study/SR/summary/AE11.T02-7271.SR.2017-12-23_00.46.16.X2000.Y12000.normalized.tile.tissue.png,0,AE11,SR,0,T02-7271,nan,X2000,nan,Y12000,1229.6263269639066,851.4564755838641,0,44
1,45,nan,2017-12-23_00.46.16,file:/Users/tpeters4/Desktop/CellProfiler%20upgrade_study/SR/summary/AE11.T02-7271.SR.2017-12-23_00.46.16.X2000.Y12000.normalized.tile.tissue.png,0,AE11,SR,0,T02-7271,nan,X2000,nan,Y12000,750.6494845360825,850.6855670103092,0,45
1,46,nan,2017-12-23_00.46.16,file:/Users/tpeters4/Desktop/CellProfiler%20upgrade_study/SR/summary/AE11.T02-7271.SR.2017-12-23_00.46.16.X2000.Y12000.normalized.tile.tissue.png,0,AE11,SR,0,T02-7271,nan,X2000,nan,Y12000,234.75085324232083,864.8813993174061,0,46
1,47,nan,2017-12-23_00.46.16,file:/Users/tpeters4/Desktop/CellProfiler%20upgrade_study/SR/summary/AE11.T02-7271.SR.2017-12-23_00.46.16.X2000.Y12000.normalized.tile.tissue.png,0,AE11,SR,0,T02-7271,nan,X2000,nan,Y12000,1136.0886287625417,872.0886287625418,0,47
1,48,nan,2017-12-23_00.46.16,file:/Users/tpeters4/Desktop/CellProfiler%20upgrade_study/SR/summary/AE11.T02-7271.SR.2017-12-23_00.46.16.X2000.Y12000.normalized.tile.tissue.png,0,AE11,SR,0,T02-7271,nan,X2000,nan,Y12000,1057.0323383084576,878.6169154228855,0,48
1,49,nan,2017-12-23_00.46.16,file:/Users/tpeters4/Desktop/CellProfiler%20upgrade_study/SR/summary/AE11.T02-7271.SR.2017-12-23_00.46.16.X2000.Y12000.normalized.tile.tissue.png,0,AE11,SR,0,T02-7271,nan,X2000,nan,Y12000,780.9902912621359,869.3252427184466,0,49
1,50,nan,2017-12-23_00.46.16,file:/Users/tpeters4/Desktop/CellProfiler%20upgrade_study/SR/summary/AE11.T02-7271.SR.2017-12-23_00.46.16.X2000.Y12000.normalized.tile.tissue.png,0,AE11,SR,0,T02-7271,nan,X2000,nan,Y12000,642.1809523809524,883.4857142857143,0,50
1,51,nan,2017-12-23_00.46.16,file:/Users/tpeters4/Desktop/CellProfiler%20upgrade_study/SR/summary/AE11.T02-7271.SR.2017-12-23_00.46.16.X2000.Y12000.normalized.tile.tissue.png,0,AE11,SR,0,T02-7271,nan,X2000,nan,Y12000,1798.5828877005347,897.0534759358288,0,51
1,52,nan,2017-12-23_00.46.16,file:/Users/tpeters4/Desktop/CellProfiler%20upgrade_study/SR/summary/AE11.T02-7271.SR.2017-12-23_00.46.16.X2000.Y12000.normalized.tile.tissue.png,0,AE11,SR,0,T02-7271,nan,X2000,nan,Y12000,81.17142857142858,913.7714285714286,0,52
1,53,nan,2017-12-23_00.46.16,file:/Users/tpeters4/Desktop/CellProfiler%20upgrade_study/SR/summary/AE11.T02-7271.SR.2017-12-23_00.46.16.X2000.Y12000.normalized.tile.tissue.png,0,AE11,SR,0,T02-7271,nan,X2000,nan,Y12000,1214.1715210355987,913.1844660194175,0,53
1,54,nan,2017-12-23_00.46.16,file:/Users/tpeters4/Desktop/CellProfiler%20upgrade_study/SR/summary/AE11.T02-7271.SR.2017-12-23_00.46.16.X2000.Y12000.normalized.tile.tissue.png,0,AE11,SR,0,T02-7271,nan,X2000,nan,Y12000,817.1881918819188,916.2361623616237,0,54
1,55,nan,2017-12-23_00.46.16,file:/Users/tpeters4/Desktop/CellProfiler%20upgrade_study/SR/summary/AE11.T02-7271.SR.2017-12-23_00.46.16.X2000.Y12000.normalized.tile.tissue.png,0,AE11,SR,0,T02-7271,nan,X2000,nan,Y12000,1364.369261477046,925.4980039920159,0,55
1,56,nan,2017-12-23_00.46.16,file:/Users/tpeters4/Desktop/CellProfiler%20upgrade_study/SR/summary/AE11.T02-7271.SR.2017-12-23_00.46.16.X2000.Y12000.normalized.tile.tissue.png,0,AE11,SR,0,T02-7271,nan,X2000,nan,Y12000,962.8597285067873,917.1266968325792,0,56
1,57,nan,2017-12-23_00.46.16,file:/Users/tpeters4/Desktop/CellProfiler%20upgrade_study/SR/summary/AE11.T02-7271.SR.2017-12-23_00.46.16.X2000.Y12000.normalized.tile.tissue.png,0,AE11,SR,0,T02-7271,nan,X2000,nan,Y12000,1103.8953356086463,930.0182025028441,0,57
1,58,nan,2017-12-23_00.46.16,file:/Users/tpeters4/Desktop/CellProfiler%20upgrade_study/SR/summary/AE11.T02-7271.SR.2017-12-23_00.46.16.X2000.Y12000.normalized.tile.tissue.png,0,AE11,SR,0,T02-7271,nan,X2000,nan,Y12000,55.8624031007752,938.077519379845,0,58
1,59,nan,2017-12-23_00.46.16,file:/Users/tpeters4/Desktop/CellProfiler%20upgrade_study/SR/summary/AE11.T02-7271.SR.2017-12-23_00.46.16.X2000.Y12000.normalized.tile.tissue.png,0,AE11,SR,0,T02-7271,nan,X2000,nan,Y12000,1811.2768595041323,932.702479338843,0,59
1,60,nan,2017-12-23_00.46.16,file:/Users/tpeters4/Desktop/CellProfiler%20upgrade_study/SR/summary/AE11.T02-7271.SR.2017-12-23_00.46.16.X2000.Y12000.normalized.tile.tissue.png,0,AE11,SR,0,T02-7271,nan,X2000,nan,Y12000,46.51658767772512,961.1421800947867,0,60
1,61,nan,2017-12-23_00.46.16,file:/Users/tpeters4/Desktop/CellProfiler%20upgrade_study/SR/summary/AE11.T02-7271.SR.2017-12-23_00.46.16.X2000.Y12000.normalized.tile.tissue.png,0,AE11,SR,0,T02-7271,nan,X2000,nan,Y12000,690.6086956521739,952.8221343873518,0,61
1,62,nan,2017-12-23_00.46.16,file:/Users/tpeters4/Desktop/CellProfiler%20upgrade_study/SR/summary/AE11.T02-7271.SR.2017-12-23_00.46.16.X2000.Y12000.normalized.tile.tissue.png,0,AE11,SR,0,T02-7271,nan,X2000,nan,Y12000,1224.9642857142858,970.1428571428571,0,62
1,63,nan,2017-12-23_00.46.16,file:/Users/tpeters4/Desktop/CellProfiler%20upgrade_study/SR/summary/AE11.T02-7271.SR.2017-12-23_00.46.16.X2000.Y12000.normalized.tile.tissue.png,0,AE11,SR,0,T02-7271,nan,X2000,nan,Y12000,214.38565022421525,961.4260089686098,0,63
1,64,nan,2017-12-23_00.46.16,file:/Users/tpeters4/Desktop/CellProfiler%20upgrade_study/SR/summary/AE11.T02-7271.SR.2017-12-23_00.46.16.X2000.Y12000.normalized.tile.tissue.png,0,AE11,SR,0,T02-7271,nan,X2000,nan,Y12000,882.5289473684211,969.9631578947368,0,64
1,65,nan,2017-12-23_00.46.16,file:/Users/tpeters4/Desktop/CellProfiler%20upgrade_study/SR/summary/AE11.T02-7271.SR.2017-12-23_00.46.16.X2000.Y12000.normalized.tile.tissue.png,0,AE11,SR,0,T02-7271,nan,X2000,nan,Y12000,1176.3819875776398,965.304347826087,0,65
1,66,nan,2017-12-23_00.46.16,file:/Users/tpeters4/Desktop/CellProfiler%20upgrade_study/SR/summary/AE11.T02-7271.SR.2017-12-23_00.46.16.X2000.Y12000.normalized.tile.tissue.png,0,AE11,SR,0,T02-7271,nan,X2000,nan,Y12000,182.23717948717947,972.1410256410256,0,66
1,67,nan,2017-12-23_00.46.16,file:/Users/tpeters4/Desktop/CellProfiler%20upgrade_study/SR/summary/AE11.T02-7271.SR.2017-12-23_00.46.16.X2000.Y12000.normalized.tile.tissue.png,0,AE11,SR,0,T02-7271,nan,X2000,nan,Y12000,129.045197740113,977.9209039548023,0,67
1,68,nan,2017-12-23_00.46.16,file:/Users/tpeters4/Desktop/CellProfiler%20upgrade_study/SR/summary/AE11.T02-7271.SR.2017-12-23_00.46.16.X2000.Y12000.normalized.tile.tissue.png,0,AE11,SR,0,T02-7271,nan,X2000,nan,Y12000,231.17813051146385,989.4497354497355,0,68
1,69,nan,2017-12-23_00.46.16,file:/Users/tpeters4/Desktop/CellProfiler%20upgrade_study/SR/summary/AE11.T02-7271.SR.2017-12-23_00.46.16.X2000.Y12000.normalized.tile.tissue.png,0,AE11,SR,0,T02-7271,nan,X2000,nan,Y12000,105.16896551724138,992.7,0,69
1,70,nan,2017-12-23_00.46.16,file:/Users/tpeters4/Desktop/CellProfiler%20upgrade_study/SR/summary/AE11.T02-7271.SR.2017-12-23_00.46.16.X2000.Y12000.normalized.tile.tissue.png,0,AE11,SR,0,T02-7271,nan,X2000,nan,Y12000,24.057692307692307,994.5884615384615,0,70
1,71,nan,2017-12-23_00.46.16,file:/Users/tpeters4/Desktop/CellProfiler%20upgrade_study/SR/summary/AE11.T02-7271.SR.2017-12-23_00.46.16.X2000.Y12000.normalized.tile.tissue.png,0,AE11,SR,0,T02-7271,nan,X2000,nan,Y12000,1820.3389830508474,996.5819209039548,0,71
1,72,nan,2017-12-23_00.46.16,file:/Users/tpeters4/Desktop/CellProfiler%20upgrade_study/SR/summary/AE11.T02-7271.SR.2017-12-23_00.46.16.X2000.Y12000.normalized.tile.tissue.png,0,AE11,SR,0,T02-7271,nan,X2000,nan,Y12000,1458.8315217391305,1003.6521739130435,0,72
1,73,nan,2017-12-23_00.46.16,file:/Users/tpeters4/Desktop/CellProfiler%20upgrade_study/SR/summary/AE11.T02-7271.SR.2017-12-23_00.46.16.X2000.Y12000.normalized.tile.tissue.png,0,AE11,SR,0,T02-7271,nan,X2000,nan,Y12000,177.10933333333332,1018.4773333333334,0,73
1,74,nan,2017-12-23_00.46.16,file:/Users/tpeters4/Desktop/CellProfiler%20upgrade_study/SR/summary/AE11.T02-7271.SR.2017-12-23_00.46.16.X2000.Y12000.normalized.tile.tissue.png,0,AE11,SR,0,T02-7271,nan,X2000,nan,Y12000,716.7947658402204,1005.7341597796143,0,74
1,75,nan,2017-12-23_00.46.16,file:/Users/tpeters4/Desktop/CellProfiler%20upgrade_study/SR/summary/AE11.T02-7271.SR.2017-12-23_00.46.16.X2000.Y12000.normalized.tile.tissue.png,0,AE11,SR,0,T02-7271,nan,X2000,nan,Y12000,525.7932692307693,1001.5336538461538,0,75
1,76,nan,2017-12-23_00.46.16,file:/Users/tpeters4/Desktop/CellProfiler%20upgrade_study/SR/summary/AE11.T02-7271.SR.2017-12-23_00.46.16.X2000.Y12000.normalized.tile.tissue.png,0,AE11,SR,0,T02-7271,nan,X2000,nan,Y12000,835.6936813186813,1031.1291208791208,0,76
1,77,nan,2017-12-23_00.46.16,file:/Users/tpeters4/Desktop/CellProfiler%20upgrade_study/SR/summary/AE11.T02-7271.SR.2017-12-23_00.46.16.X2000.Y12000.normalized.tile.tissue.png,0,AE11,SR,0,T02-7271,nan,X2000,nan,Y12000,343.34526315789475,1023.6421052631579,0,77
1,78,nan,2017-12-23_00.46.16,file:/Users/tpeters4/Desktop/CellProfiler%20upgrade_study/SR/summary/AE11.T02-7271.SR.2017-12-23_00.46.16.X2000.Y12000.normalized.tile.tissue.png,0,AE11,SR,0,T02-7271,nan,X2000,nan,Y12000,276.6542056074766,1041.0140186915887,0,78
1,79,nan,2017-12-23_00.46.16,file:/Users/tpeters4/Desktop/CellProfiler%20upgrade_study/SR/summary/AE11.T02-7271.SR.2017-12-23_00.46.16.X2000.Y12000.normalized.tile.tissue.png,0,AE11,SR,0,T02-7271,nan,X2000,nan,Y12000,1759.2699115044247,1057.225663716814,0,79
1,80,nan,2017-12-23_00.46.16,file:/Users/tpeters4/Desktop/CellProfiler%20upgrade_study/SR/summary/AE11.T02-7271.SR.2017-12-23_00.46.16.X2000.Y12000.normalized.tile.tissue.png,0,AE11,SR,0,T02-7271,nan,X2000,nan,Y12000,1238.376582278481,1059.126582278481,0,80
1,81,nan,2017-12-23_00.46.16,file:/Users/tpeters4/Desktop/CellProfiler%20upgrade_study/SR/summary/AE11.T02-7271.SR.2017-12-23_00.46.16.X2000.Y12000.normalized.tile.tissue.png,0,AE11,SR,0,T02-7271,nan,X2000,nan,Y12000,725.5989583333334,1079.7274305555557,0,81
1,82,nan,2017-12-23_00.46.16,file:/Users/tpeters4/Desktop/CellProfiler%20upgrade_study/SR/summary/AE11.T02-7271.SR.2017-12-23_00.46.16.X2000.Y12000.normalized.tile.tissue.png,0,AE11,SR,0,T02-7271,nan,X2000,nan,Y12000,1378.2992248062014,1062.8,0,82
1,83,nan,2017-12-23_00.46.16,file:/Users/tpeters4/Desktop/CellProfiler%20upgrade_study/SR/summary/AE11.T02-7271.SR.2017-12-23_00.46.16.X2000.Y12000.normalized.tile.tissue.png,0,AE11,SR,0,T02-7271,nan,X2000,nan,Y12000,1045.4056603773586,1062.8490566037735,0,83
1,84,nan,2017-12-23_00.46.16,file:/Users/tpeters4/Desktop/CellProfiler%20upgrade_study/SR/summary/AE11.T02-7271.SR.2017-12-23_00.46.16.X2000.Y12000.normalized.tile.tissue.png,0,AE11,SR,0,T02-7271,nan,X2000,nan,Y12000,1737.6276150627616,1068.836820083682,0,84
1,85,nan,2017-12-23_00.46.16,file:/Users/tpeters4/Desktop/CellProfiler%20upgrade_study/SR/summary/AE11.T02-7271.SR.2017-12-23_00.46.16.X2000.Y12000.normalized.tile.tissue.png,0,AE11,SR,0,T02-7271,nan,X2000,nan,Y12000,1496.165,1049.675,0,85
1,86,nan,2017-12-23_00.46.16,file:/Users/tpeters4/Desktop/CellProfiler%20upgrade_study/SR/summary/AE11.T02-7271.SR.2017-12-23_00.46.16.X2000.Y12000.normalized.tile.tissue.png,0,AE11,SR,0,T02-7271,nan,X2000,nan,Y12000,132.6695652173913,1058.513043478261,0,86
1,87,nan,2017-12-23_00.46.16,file:/Users/tpeters4/Desktop/CellProfiler%20upgrade_study/SR/summary/AE11.T02-7271.SR.2017-12-23_00.46.16.X2000.Y12000.normalized.tile.tissue.png,0,AE11,SR,0,T02-7271,nan,X2000,nan,Y12000,185.0144927536232,1078.3876811594203,0,87
1,88,nan,2017-12-23_00.46.16,file:/Users/tpeters4/Desktop/CellProfiler%20upgrade_study/SR/summary/AE11.T02-7271.SR.2017-12-23_00.46.16.X2000.Y12000.normalized.tile.tissue.png,0,AE11,SR,0,T02-7271,nan,X2000,nan,Y12000,570.3114285714286,1102.3442857142857,0,88
1,89,nan,2017-12-23_00.46.16,file:/Users/tpeters4/Desktop/CellProfiler%20upgrade_study/SR/summary/AE11.T02-7271.SR.2017-12-23_00.46.16.X2000.Y12000.normalized.tile.tissue.png,0,AE11,SR,0,T02-7271,nan,X2000,nan,Y12000,1522.418952618454,1081.428927680798,0,89
1,90,nan,2017-12-23_00.46.16,file:/Users/tpeters4/Desktop/CellProfiler%20upgrade_study/SR/summary/AE11.T02-7271.SR.2017-12-23_00.46.16.X2000.Y12000.normalized.tile.tissue.png,0,AE11,SR,0,T02-7271,nan,X2000,nan,Y12000,1454.7295454545454,1094.2113636363636,0,90
1,91,nan,2017-12-23_00.46.16,file:/Users/tpeters4/Desktop/CellProfiler%20upgrade_study/SR/summary/AE11.T02-7271.SR.2017-12-23_00.46.16.X2000.Y12000.normalized.tile.tissue.png,0,AE11,SR,0,T02-7271,nan,X2000,nan,Y12000,921.9583333333334,1086.2954545454545,0,91
1,92,nan,2017-12-23_00.46.16,file:/Users/tpeters4/Desktop/CellProfiler%20upgrade_study/SR/summary/AE11.T02-7271.SR.2017-12-23_00.46.16.X2000.Y12000.normalized.tile.tissue.png,0,AE11,SR,0,T02-7271,nan,X2000,nan,Y12000,1009.6195652173913,1086.554347826087,0,92
1,93,nan,2017-12-23_00.46.16,file:/Users/tpeters4/Desktop/CellProfiler%20upgrade_study/SR/summary/AE11.T02-7271.SR.2017-12-23_00.46.16.X2000.Y12000.normalized.tile.tissue.png,0,AE11,SR,0,T02-7271,nan,X2000,nan,Y12000,108.66529351184346,1110.2214212152421,0,93
1,94,nan,2017-12-23_00.46.16,file:/Users/tpeters4/Desktop/CellProfiler%20upgrade_study/SR/summary/AE11.T02-7271.SR.2017-12-23_00.46.16.X2000.Y12000.normalized.tile.tissue.png,0,AE11,SR,0,T02-7271,nan,X2000,nan,Y12000,1122.1568166992824,1149.550815394651,0,94
1,95,nan,2017-12-23_00.46.16,file:/Users/tpeters4/Desktop/CellProfiler%20upgrade_study/SR/summary/AE11.T02-7271.SR.2017-12-23_00.46.16.X2000.Y12000.normalized.tile.tissue.png,0,AE11,SR,0,T02-7271,nan,X2000,nan,Y12000,303.3658536585366,1102.857142857143,0,95
1,96,nan,2017-12-23_00.46.16,file:/Users/tpeters4/Desktop/CellProfiler%20upgrade_study/SR/summary/AE11.T02-7271.SR.2017-12-23_00.46.16.X2000.Y12000.normalized.tile.tissue.png,0,AE11,SR,0,T02-7271,nan,X2000,nan,Y12000,832.4895833333334,1094.0885416666667,0,96
1,97,nan,2017-12-23_00.46.16,file:/Users/tpeters4/Desktop/CellProfiler%20upgrade_study/SR/summary/AE11.T02-7271.SR.2017-12-23_00.46.16.X2000.Y12000.normalized.tile.tissue.png,0,AE11,SR,0,T02-7271,nan,X2000,nan,Y12000,146.45173745173744,1099.2895752895754,0,97
1,98,nan,2017-12-23_00.46.16,file:/Users/tpeters4/Desktop/CellProfiler%20upgrade_study/SR/summary/AE11.T02-7271.SR.2017-12-23_00.46.16.X2000.Y12000.normalized.tile.tissue.png,0,AE11,SR,0,T02-7271,nan,X2000,nan,Y12000,1695.2863436123348,1100.3259911894272,0,98
1,99,nan,2017-12-23_00.46.16,file:/Users/tpeters4/Desktop/CellProfiler%20upgrade_study/SR/summary/AE11.T02-7271.SR.2017-12-23_00.46.16.X2000.Y12000.normalized.tile.tissue.png,0,AE11,SR,0,T02-7271,nan,X2000,nan,Y12000,1409.78,1100.8,0,99
1,100,nan,2017-12-23_00.46.16,file:/Users/tpeters4/Desktop/CellProfiler%20upgrade_study/SR/summary/AE11.T02-7271.SR.2017-12-23_00.46.16.X2000.Y12000.normalized.tile.tissue.png,0,AE11,SR,0,T02-7271,nan,X2000,nan,Y12000,971.5608695652174,1116.4065217391305,0,100
1,101,nan,2017-12-23_00.46.16,file:/Users/tpeters4/Desktop/CellProfiler%20upgrade_study/SR/summary/AE11.T02-7271.SR.2017-12-23_00.46.16.X2000.Y12000.normalized.tile.tissue.png,0,AE11,SR,0,T02-7271,nan,X2000,nan,Y12000,413.78629032258067,1116.25,0,101
1,102,nan,2017-12-23_00.46.16,file:/Users/tpeters4/Desktop/CellProfiler%20upgrade_study/SR/summary/AE11.T02-7271.SR.2017-12-23_00.46.16.X2000.Y12000.normalized.tile.tissue.png,0,AE11,SR,0,T02-7271,nan,X2000,nan,Y12000,239.1512027491409,1165.73470790378,0,102
1,103,nan,2017-12-23_00.46.16,file:/Users/tpeters4/Desktop/CellProfiler%20upgrade_study/SR/summary/AE11.T02-7271.SR.2017-12-23_00.46.16.X2000.Y12000.normalized.tile.tissue.png,0,AE11,SR,0,T02-7271,nan,X2000,nan,Y12000,72.195,1127.02,0,103
1,104,nan,2017-12-23_00.46.16,file:/Users/tpeters4/Desktop/CellProfiler%20upgrade_study/SR/summary/AE11.T02-7271.SR.2017-12-23_00.46.16.X2000.Y12000.normalized.tile.tissue.png,0,AE11,SR,0,T02-7271,nan,X2000,nan,Y12000,23.974683544303797,1136.7246835443038,0,104
1,105,nan,2017-12-23_00.46.16,file:/Users/tpeters4/Desktop/CellProfiler%20upgrade_study/SR/summary/AE11.T02-7271.SR.2017-12-23_00.46.16.X2000.Y12000.normalized.tile.tissue.png,0,AE11,SR,0,T02-7271,nan,X2000,nan,Y12000,617.9544303797468,1148.6784810126583,0,105
1,106,nan,2017-12-23_00.46.16,file:/Users/tpeters4/Desktop/CellProfiler%20upgrade_study/SR/summary/AE11.T02-7271.SR.2017-12-23_00.46.16.X2000.Y12000.normalized.tile.tissue.png,0,AE11,SR,0,T02-7271,nan,X2000,nan,Y12000,151.2882882882883,1132.8288288288288,0,106
1,107,nan,2017-12-23_00.46.16,file:/Users/tpeters4/Desktop/CellProfiler%20upgrade_study/SR/summary/AE11.T02-7271.SR.2017-12-23_00.46.16.X2000.Y12000.normalized.tile.tissue.png,0,AE11,SR,0,T02-7271,nan,X2000,nan,Y12000,1585.4911838790931,1153.410579345088,0,107
1,108,nan,2017-12-23_00.46.16,file:/Users/tpeters4/Desktop/CellProfiler%20upgrade_study/SR/summary/AE11.T02-7271.SR.2017-12-23_00.46.16.X2000.Y12000.normalized.tile.tissue.png,0,AE11,SR,0,T02-7271,nan,X2000,nan,Y12000,1550.3184931506848,1150.708904109589,0,108
1,109,nan,2017-12-23_00.46.16,file:/Users/tpeters4/Desktop/CellProfiler%20upgrade_study/SR/summary/AE11.T02-7271.SR.2017-12-23_00.46.16.X2000.Y12000.normalized.tile.tissue.png,0,AE11,SR,0,T02-7271,nan,X2000,nan,Y12000,82.74418604651163,1152.360465116279,0,109
1,110,nan,2017-12-23_00.46.16,file:/Users/tpeters4/Desktop/CellProfiler%20upgrade_study/SR/summary/AE11.T02-7271.SR.2017-12-23_00.46.16.X2000.Y12000.normalized.tile.tissue.png,0,AE11,SR,0,T02-7271,nan,X2000,nan,Y12000,1301.6892655367233,1143.3389830508474,0,110
1,111,nan,2017-12-23_00.46.16,file:/Users/tpeters4/Desktop/CellProfiler%20upgrade_study/SR/summary/AE11.T02-7271.SR.2017-12-23_00.46.16.X2000.Y12000.normalized.tile.tissue.png,0,AE11,SR,0,T02-7271,nan,X2000,nan,Y12000,1358.046218487395,1152.5378151260504,0,111
1,112,nan,2017-12-23_00.46.16,file:/Users/tpeters4/Desktop/CellProfiler%20upgrade_study/SR/summary/AE11.T02-7271.SR.2017-12-23_00.46.16.X2000.Y12000.normalized.tile.tissue.png,0,AE11,SR,0,T02-7271,nan,X2000,nan,Y12000,671.3304843304843,1175.9957264957266,0,112
1,113,nan,2017-12-23_00.46.16,file:/Users/tpeters4/Desktop/CellProfiler%20upgrade_study/SR/summary/AE11.T02-7271.SR.2017-12-23_00.46.16.X2000.Y12000.normalized.tile.tissue.png,0,AE11,SR,0,T02-7271,nan,X2000,nan,Y12000,41.69293038316244,1200.035078251484,0,113
1,114,nan,2017-12-23_00.46.16,file:/Users/tpeters4/Desktop/CellProfiler%20upgrade_study/SR/summary/AE11.T02-7271.SR.2017-12-23_00.46.16.X2000.Y12000.normalized.tile.tissue.png,0,AE11,SR,0,T02-7271,nan,X2000,nan,Y12000,1629.6222222222223,1163.1333333333334,0,114
1,115,nan,2017-12-23_00.46.16,file:/Users/tpeters4/Desktop/CellProfiler%20upgrade_study/SR/summary/AE11.T02-7271.SR.2017-12-23_00.46.16.X2000.Y12000.normalized.tile.tissue.png,0,AE11,SR,0,T02-7271,nan,X2000,nan,Y12000,1654.0260869565218,1185.304347826087,0,115
1,116,nan,2017-12-23_00.46.16,file:/Users/tpeters4/Desktop/CellProfiler%20upgrade_study/SR/summary/AE11.T02-7271.SR.2017-12-23_00.46.16.X2000.Y12000.normalized.tile.tissue.png,0,AE11,SR,0,T02-7271,nan,X2000,nan,Y12000,405.827374301676,1210.086033519553,0,116
1,117,nan,2017-12-23_00.46.16,file:/Users/tpeters4/Desktop/CellProfiler%20upgrade_study/SR/summary/AE11.T02-7271.SR.2017-12-23_00.46.16.X2000.Y12000.normalized.tile.tissue.png,0,AE11,SR,0,T02-7271,nan,X2000,nan,Y12000,940.5668358714044,1192.5397631133671,0,117
1,118,nan,2017-12-23_00.46.16,file:/Users/tpeters4/Desktop/CellProfiler%20upgrade_study/SR/summary/AE11.T02-7271.SR.2017-12-23_00.46.16.X2000.Y12000.normalized.tile.tissue.png,0,AE11,SR,0,T02-7271,nan,X2000,nan,Y12000,1433.6960784313726,1190.2058823529412,0,118
1,119,nan,2017-12-23_00.46.16,file:/Users/tpeters4/Desktop/CellProfiler%20upgrade_study/SR/summary/AE11.T02-7271.SR.2017-12-23_00.46.16.X2000.Y12000.normalized.tile.tissue.png,0,AE11,SR,0,T02-7271,nan,X2000,nan,Y12000,1164.4777777777779,1194.8444444444444,0,119
1,120,nan,2017-12-23_00.46.16,file:/Users/tpeters4/Desktop/CellProfiler%20upgrade_study/SR/summary/AE11.T02-7271.SR.2017-12-23_00.46.16.X2000.Y12000.normalized.tile.tissue.png,0,AE11,SR,0,T02-7271,nan,X2000,nan,Y12000,1248.207650273224,1208.3661202185792,0,120
1,121,nan,2017-12-23_00.46.16,file:/Users/tpeters4/Desktop/CellProfiler%20upgrade_study/SR/summary/AE11.T02-7271.SR.2017-12-23_00.46.16.X2000.Y12000.normalized.tile.tissue.png,0,AE11,SR,0,T02-7271,nan,X2000,nan,Y12000,1405.0997375328084,1215.0498687664042,0,121
1,122,nan,2017-12-23_00.46.16,file:/Users/tpeters4/Desktop/CellProfiler%20upgrade_study/SR/summary/AE11.T02-7271.SR.2017-12-23_00.46.16.X2000.Y12000.normalized.tile.tissue.png,0,AE11,SR,0,T02-7271,nan,X2000,nan,Y12000,1494.7874015748032,1205.9645669291338,0,122
1,123,nan,2017-12-23_00.46.16,file:/Users/tpeters4/Desktop/CellProfiler%20upgrade_study/SR/summary/AE11.T02-7271.SR.2017-12-23_00.46.16.X2000.Y12000.normalized.tile.tissue.png,0,AE11,SR,0,T02-7271,nan,X2000,nan,Y12000,1348.105633802817,1213.9366197183099,0,123
1,124,nan,2017-12-23_00.46.16,file:/Users/tpeters4/Desktop/CellProfiler%20upgrade_study/SR/summary/AE11.T02-7271.SR.2017-12-23_00.46.16.X2000.Y12000.normalized.tile.tissue.png,0,AE11,SR,0,T02-7271,nan,X2000,nan,Y12000,679.7872340425532,1228.4760638297873,0,124
1,125,nan,2017-12-23_00.46.16,file:/Users/tpeters4/Desktop/CellProfiler%20upgrade_study/SR/summary/AE11.T02-7271.SR.2017-12-23_00.46.16.X2000.Y12000.normalized.tile.tissue.png,0,AE11,SR,0,T02-7271,nan,X2000,nan,Y12000,1491.8114558472553,1237.2577565632457,0,125
1,126,nan,2017-12-23_00.46.16,file:/Users/tpeters4/Desktop/CellProfiler%20upgrade_study/SR/summary/AE11.T02-7271.SR.2017-12-23_00.46.16.X2000.Y12000.normalized.tile.tissue.png,0,AE11,SR,0,T02-7271,nan,X2000,nan,Y12000,1606.3512396694214,1226.590909090909,0,126
1,127,nan,2017-12-23_00.46.16,file:/Users/tpeters4/Desktop/CellProfiler%20upgrade_study/SR/summary/AE11.T02-7271.SR.2017-12-23_00.46.16.X2000.Y12000.normalized.tile.tissue.png,0,AE11,SR,0,T02-7271,nan,X2000,nan,Y12000,916.0,1232.5787234042552,0,127
1,128,nan,2017-12-23_00.46.16,file:/Users/tpeters4/Desktop/CellProfiler%20upgrade_study/SR/summary/AE11.T02-7271.SR.2017-12-23_00.46.16.X2000.Y12000.normalized.tile.tissue.png,0,AE11,SR,0,T02-7271,nan,X2000,nan,Y12000,1063.7394964389791,1695.8326280323297,0,128
1,129,nan,2017-12-23_00.46.16,file:/Users/tpeters4/Desktop/CellProfiler%20upgrade_study/SR/summary/AE11.T02-7271.SR.2017-12-23_00.46.16.X2000.Y12000.normalized.tile.tissue.png,0,AE11,SR,0,T02-7271,nan,X2000,nan,Y12000,1415.6915887850466,1239.5467289719627,0,129
1,130,nan,2017-12-23_00.46.16,file:/Users/tpeters4/Desktop/CellProfiler%20upgrade_study/SR/summary/AE11.T02-7271.SR.2017-12-23_00.46.16.X2000.Y12000.normalized.tile.tissue.png,0,AE11,SR,0,T02-7271,nan,X2000,nan,Y12000,1187.7642276422764,1238.2642276422764,0,130
1,131,nan,2017-12-23_00.46.16,file:/Users/tpeters4/Desktop/CellProfiler%20upgrade_study/SR/summary/AE11.T02-7271.SR.2017-12-23_00.46.16.X2000.Y12000.normalized.tile.tissue.png,0,AE11,SR,0,T02-7271,nan,X2000,nan,Y12000,790.0738161559889,1249.7367688022284,0,131
1,132,nan,2017-12-23_00.46.16,file:/Users/tpeters4/Desktop/CellProfiler%20upgrade_study/SR/summary/AE11.T02-7271.SR.2017-12-23_00.46.16.X2000.Y12000.normalized.tile.tissue.png,0,AE11,SR,0,T02-7271,nan,X2000,nan,Y12000,1114.7318181818182,1254.9709090909091,0,132
1,133,nan,2017-12-23_00.46.16,file:/Users/tpeters4/Desktop/CellProfiler%20upgrade_study/SR/summary/AE11.T02-7271.SR.2017-12-23_00.46.16.X2000.Y12000.normalized.tile.tissue.png,0,AE11,SR,0,T02-7271,nan,X2000,nan,Y12000,35.981818181818184,1257.6303030303031,0,133
1,134,nan,2017-12-23_00.46.16,file:/Users/tpeters4/Desktop/CellProfiler%20upgrade_study/SR/summary/AE11.T02-7271.SR.2017-12-23_00.46.16.X2000.Y12000.normalized.tile.tissue.png,0,AE11,SR,0,T02-7271,nan,X2000,nan,Y12000,487.8677551903114,1346.8472102076125,0,134
1,135,nan,2017-12-23_00.46.16,file:/Users/tpeters4/Desktop/CellProfiler%20upgrade_study/SR/summary/AE11.T02-7271.SR.2017-12-23_00.46.16.X2000.Y12000.normalized.tile.tissue.png,0,AE11,SR,0,T02-7271,nan,X2000,nan,Y12000,716.7343453510437,1257.0929791271346,0,135
1,136,nan,2017-12-23_00.46.16,file:/Users/tpeters4/Desktop/CellProfiler%20upgrade_study/SR/summary/AE11.T02-7271.SR.2017-12-23_00.46.16.X2000.Y12000.normalized.tile.tissue.png,0,AE11,SR,0,T02-7271,nan,X2000,nan,Y12000,246.2309468822171,1264.434180138568,0,136
1,137,nan,2017-12-23_00.46.16,file:/Users/tpeters4/Desktop/CellProfiler%20upgrade_study/SR/summary/AE11.T02-7271.SR.2017-12-23_00.46.16.X2000.Y12000.normalized.tile.tissue.png,0,AE11,SR,0,T02-7271,nan,X2000,nan,Y12000,1836.04469273743,1262.145251396648,0,137
1,138,nan,2017-12-23_00.46.16,file:/Users/tpeters4/Desktop/CellProfiler%20upgrade_study/SR/summary/AE11.T02-7271.SR.2017-12-23_00.46.16.X2000.Y12000.normalized.tile.tissue.png,0,AE11,SR,0,T02-7271,nan,X2000,nan,Y12000,1012.9443954104148,1290.235657546337,0,138
1,139,nan,2017-12-23_00.46.16,file:/Users/tpeters4/Desktop/CellProfiler%20upgrade_study/SR/summary/AE11.T02-7271.SR.2017-12-23_00.46.16.X2000.Y12000.normalized.tile.tissue.png,0,AE11,SR,0,T02-7271,nan,X2000,nan,Y12000,1441.6165803108809,1289.678756476684,0,139
1,140,nan,2017-12-23_00.46.16,file:/Users/tpeters4/Desktop/CellProfiler%20upgrade_study/SR/summary/AE11.T02-7271.SR.2017-12-23_00.46.16.X2000.Y12000.normalized.tile.tissue.png,0,AE11,SR,0,T02-7271,nan,X2000,nan,Y12000,1384.88,1304.8787096774195,0,140
1,141,nan,2017-12-23_00.46.16,file:/Users/tpeters4/Desktop/CellProfiler%20upgrade_study/SR/summary/AE11.T02-7271.SR.2017-12-23_00.46.16.X2000.Y12000.normalized.tile.tissue.png,0,AE11,SR,0,T02-7271,nan,X2000,nan,Y12000,270.23552631578946,1294.3065789473685,0,141
1,142,nan,2017-12-23_00.46.16,file:/Users/tpeters4/Desktop/CellProfiler%20upgrade_study/SR/summary/AE11.T02-7271.SR.2017-12-23_00.46.16.X2000.Y12000.normalized.tile.tissue.png,0,AE11,SR,0,T02-7271,nan,X2000,nan,Y12000,1164.063725490196,1288.4264705882354,0,142
1,143,nan,2017-12-23_00.46.16,file:/Users/tpeters4/Desktop/CellProfiler%20upgrade_study/SR/summary/AE11.T02-7271.SR.2017-12-23_00.46.16.X2000.Y12000.normalized.tile.tissue.png,0,AE11,SR,0,T02-7271,nan,X2000,nan,Y12000,50.04866180048662,1304.8491484184915,0,143
1,144,nan,2017-12-23_00.46.16,file:/Users/tpeters4/Desktop/CellProfiler%20upgrade_study/SR/summary/AE11.T02-7271.SR.2017-12-23_00.46.16.X2000.Y12000.normalized.tile.tissue.png,0,AE11,SR,0,T02-7271,nan,X2000,nan,Y12000,1119.9129213483145,1297.2331460674156,0,144
1,145,nan,2017-12-23_00.46.16,file:/Users/tpeters4/Desktop/CellProfiler%20upgrade_study/SR/summary/AE11.T02-7271.SR.2017-12-23_00.46.16.X2000.Y12000.normalized.tile.tissue.png,0,AE11,SR,0,T02-7271,nan,X2000,nan,Y12000,941.1075268817204,1306.2956989247311,0,145
1,146,nan,2017-12-23_00.46.16,file:/Users/tpeters4/Desktop/CellProfiler%20upgrade_study/SR/summary/AE11.T02-7271.SR.2017-12-23_00.46.16.X2000.Y12000.normalized.tile.tissue.png,0,AE11,SR,0,T02-7271,nan,X2000,nan,Y12000,1206.565965583174,1304.7896749521988,0,146
1,147,nan,2017-12-23_00.46.16,file:/Users/tpeters4/Desktop/CellProfiler%20upgrade_study/SR/summary/AE11.T02-7271.SR.2017-12-23_00.46.16.X2000.Y12000.normalized.tile.tissue.png,0,AE11,SR,0,T02-7271,nan,X2000,nan,Y12000,1451.0472697636512,1339.3740831295843,0,147
1,148,nan,2017-12-23_00.46.16,file:/Users/tpeters4/Desktop/CellProfiler%20upgrade_study/SR/summary/AE11.T02-7271.SR.2017-12-23_00.46.16.X2000.Y12000.normalized.tile.tissue.png,0,AE11,SR,0,T02-7271,nan,X2000,nan,Y12000,969.8005578800557,1338.123430962343,0,148
1,149,nan,2017-12-23_00.46.16,file:/Users/tpeters4/Desktop/CellProfiler%20upgrade_study/SR/summary/AE11.T02-7271.SR.2017-12-23_00.46.16.X2000.Y12000.normalized.tile.tissue.png,0,AE11,SR,0,T02-7271,nan,X2000,nan,Y12000,895.115969581749,1334.273764258555,0,149
1,150,nan,2017-12-23_00.46.16,file:/Users/tpeters4/Desktop/CellProfiler%20upgrade_study/SR/summary/AE11.T02-7271.SR.2017-12-23_00.46.16.X2000.Y12000.normalized.tile.tissue.png,0,AE11,SR,0,T02-7271,nan,X2000,nan,Y12000,1213.1438679245282,1351.170754716981,0,150
1,151,nan,2017-12-23_00.46.16,file:/Users/tpeters4/Desktop/CellProfiler%20upgrade_study/SR/summary/AE11.T02-7271.SR.2017-12-23_00.46.16.X2000.Y12000.normalized.tile.tissue.png,0,AE11,SR,0,T02-7271,nan,X2000,nan,Y12000,1289.090909090909,1338.644385026738,0,151
1,152,nan,2017-12-23_00.46.16,file:/Users/tpeters4/Desktop/CellProfiler%20upgrade_study/SR/summary/AE11.T02-7271.SR.2017-12-23_00.46.16.X2000.Y12000.normalized.tile.tissue.png,0,AE11,SR,0,T02-7271,nan,X2000,nan,Y12000,1057.3628117913831,1352.5351473922904,0,152
1,153,nan,2017-12-23_00.46.16,file:/Users/tpeters4/Desktop/CellProfiler%20upgrade_study/SR/summary/AE11.T02-7271.SR.2017-12-23_00.46.16.X2000.Y12000.normalized.tile.tissue.png,0,AE11,SR,0,T02-7271,nan,X2000,nan,Y12000,1128.3975903614457,1335.7309236947792,0,153
1,154,nan,2017-12-23_00.46.16,file:/Users/tpeters4/Desktop/CellProfiler%20upgrade_study/SR/summary/AE11.T02-7271.SR.2017-12-23_00.46.16.X2000.Y12000.normalized.tile.tissue.png,0,AE11,SR,0,T02-7271,nan,X2000,nan,Y12000,134.4592731829574,1387.4160401002507,0,154
1,155,nan,2017-12-23_00.46.16,file:/Users/tpeters4/Desktop/CellProfiler%20upgrade_study/SR/summary/AE11.T02-7271.SR.2017-12-23_00.46.16.X2000.Y12000.normalized.tile.tissue.png,0,AE11,SR,0,T02-7271,nan,X2000,nan,Y12000,85.01913875598086,1358.6076555023924,0,155
1,156,nan,2017-12-23_00.46.16,file:/Users/tpeters4/Desktop/CellProfiler%20upgrade_study/SR/summary/AE11.T02-7271.SR.2017-12-23_00.46.16.X2000.Y12000.normalized.tile.tissue.png,0,AE11,SR,0,T02-7271,nan,X2000,nan,Y12000,1324.5932835820895,1365.6044776119404,0,156
1,157,nan,2017-12-23_00.46.16,file:/Users/tpeters4/Desktop/CellProfiler%20upgrade_study/SR/summary/AE11.T02-7271.SR.2017-12-23_00.46.16.X2000.Y12000.normalized.tile.tissue.png,0,AE11,SR,0,T02-7271,nan,X2000,nan,Y12000,1101.3639705882354,1362.9375,0,157
1,158,nan,2017-12-23_00.46.16,file:/Users/tpeters4/Desktop/CellProfiler%20upgrade_study/SR/summary/AE11.T02-7271.SR.2017-12-23_00.46.16.X2000.Y12000.normalized.tile.tissue.png,0,AE11,SR,0,T02-7271,nan,X2000,nan,Y12000,1140.226368159204,1372.6641791044776,0,158
1,159,nan,2017-12-23_00.46.16,file:/Users/tpeters4/Desktop/CellProfiler%20upgrade_study/SR/summary/AE11.T02-7271.SR.2017-12-23_00.46.16.X2000.Y12000.normalized.tile.tissue.png,0,AE11,SR,0,T02-7271,nan,X2000,nan,Y12000,261.544061302682,1373.5708812260536,0,159
1,160,nan,2017-12-23_00.46.16,file:/Users/tpeters4/Desktop/CellProfiler%20upgrade_study/SR/summary/AE11.T02-7271.SR.2017-12-23_00.46.16.X2000.Y12000.normalized.tile.tissue.png,0,AE11,SR,0,T02-7271,nan,X2000,nan,Y12000,1244.0787401574803,1384.484251968504,0,160
1,161,nan,2017-12-23_00.46.16,file:/Users/tpeters4/Desktop/CellProfiler%20upgrade_study/SR/summary/AE11.T02-7271.SR.2017-12-23_00.46.16.X2000.Y12000.normalized.tile.tissue.png,0,AE11,SR,0,T02-7271,nan,X2000,nan,Y12000,63.49829351535836,1383.6143344709897,0,161
1,162,nan,2017-12-23_00.46.16,file:/Users/tpeters4/Desktop/CellProfiler%20upgrade_study/SR/summary/AE11.T02-7271.SR.2017-12-23_00.46.16.X2000.Y12000.normalized.tile.tissue.png,0,AE11,SR,0,T02-7271,nan,X2000,nan,Y12000,1472.804640718563,1405.4723053892214,0,162
1,163,nan,2017-12-23_00.46.16,file:/Users/tpeters4/Desktop/CellProfiler%20upgrade_study/SR/summary/AE11.T02-7271.SR.2017-12-23_00.46.16.X2000.Y12000.normalized.tile.tissue.png,0,AE11,SR,0,T02-7271,nan,X2000,nan,Y12000,1050.9887955182073,1385.9439775910364,0,163
1,164,nan,2017-12-23_00.46.16,file:/Users/tpeters4/Desktop/CellProfiler%20upgrade_study/SR/summary/AE11.T02-7271.SR.2017-12-23_00.46.16.X2000.Y12000.normalized.tile.tissue.png,0,AE11,SR,0,T02-7271,nan,X2000,nan,Y12000,971.214859437751,1393.6084337349398,0,164
1,165,nan,2017-12-23_00.46.16,file:/Users/tpeters4/Desktop/CellProfiler%20upgrade_study/SR/summary/AE11.T02-7271.SR.2017-12-23_00.46.16.X2000.Y12000.normalized.tile.tissue.png,0,AE11,SR,0,T02-7271,nan,X2000,nan,Y12000,16.741029641185648,1397.5460218408737,0,165
1,166,nan,2017-12-23_00.46.16,file:/Users/tpeters4/Desktop/CellProfiler%20upgrade_study/SR/summary/AE11.T02-7271.SR.2017-12-23_00.46.16.X2000.Y12000.normalized.tile.tissue.png,0,AE11,SR,0,T02-7271,nan,X2000,nan,Y12000,611.2692307692307,1398.39010989011,0,166
1,167,nan,2017-12-23_00.46.16,file:/Users/tpeters4/Desktop/CellProfiler%20upgrade_study/SR/summary/AE11.T02-7271.SR.2017-12-23_00.46.16.X2000.Y12000.normalized.tile.tissue.png,0,AE11,SR,0,T02-7271,nan,X2000,nan,Y12000,1063.7952684258416,1428.4858962693359,0,167
1,168,nan,2017-12-23_00.46.16,file:/Users/tpeters4/Desktop/CellProfiler%20upgrade_study/SR/summary/AE11.T02-7271.SR.2017-12-23_00.46.16.X2000.Y12000.normalized.tile.tissue.png,0,AE11,SR,0,T02-7271,nan,X2000,nan,Y12000,689.9730337078652,1411.8696629213482,0,168
1,169,nan,2017-12-23_00.46.16,file:/Users/tpeters4/Desktop/CellProfiler%20upgrade_study/SR/summary/AE11.T02-7271.SR.2017-12-23_00.46.16.X2000.Y12000.normalized.tile.tissue.png,0,AE11,SR,0,T02-7271,nan,X2000,nan,Y12000,521.8604118993135,1419.050343249428,0,169
1,170,nan,2017-12-23_00.46.16,file:/Users/tpeters4/Desktop/CellProfiler%20upgrade_study/SR/summary/AE11.T02-7271.SR.2017-12-23_00.46.16.X2000.Y12000.normalized.tile.tissue.png,0,AE11,SR,0,T02-7271,nan,X2000,nan,Y12000,18.46868686868687,1420.5353535353536,0,170
1,171,nan,2017-12-23_00.46.16,file:/Users/tpeters4/Desktop/CellProfiler%20upgrade_study/SR/summary/AE11.T02-7271.SR.2017-12-23_00.46.16.X2000.Y12000.normalized.tile.tissue.png,0,AE11,SR,0,T02-7271,nan,X2000,nan,Y12000,161.29346622369877,1438.685492801772,0,171
1,172,nan,2017-12-23_00.46.16,file:/Users/tpeters4/Desktop/CellProfiler%20upgrade_study/SR/summary/AE11.T02-7271.SR.2017-12-23_00.46.16.X2000.Y12000.normalized.tile.tissue.png,0,AE11,SR,0,T02-7271,nan,X2000,nan,Y12000,1138.3455284552845,1435.9430894308944,0,172
1,173,nan,2017-12-23_00.46.16,file:/Users/tpeters4/Desktop/CellProfiler%20upgrade_study/SR/summary/AE11.T02-7271.SR.2017-12-23_00.46.16.X2000.Y12000.normalized.tile.tissue.png,0,AE11,SR,0,T02-7271,nan,X2000,nan,Y12000,864.4840182648402,1435.8652968036529,0,173
1,174,nan,2017-12-23_00.46.16,file:/Users/tpeters4/Desktop/CellProfiler%20upgrade_study/SR/summary/AE11.T02-7271.SR.2017-12-23_00.46.16.X2000.Y12000.normalized.tile.tissue.png,0,AE11,SR,0,T02-7271,nan,X2000,nan,Y12000,49.19908466819222,1442.54233409611,0,174
1,175,nan,2017-12-23_00.46.16,file:/Users/tpeters4/Desktop/CellProfiler%20upgrade_study/SR/summary/AE11.T02-7271.SR.2017-12-23_00.46.16.X2000.Y12000.normalized.tile.tissue.png,0,AE11,SR,0,T02-7271,nan,X2000,nan,Y12000,370.29571984435796,1436.3579766536966,0,175
1,176,nan,2017-12-23_00.46.16,file:/Users/tpeters4/Desktop/CellProfiler%20upgrade_study/SR/summary/AE11.T02-7271.SR.2017-12-23_00.46.16.X2000.Y12000.normalized.tile.tissue.png,0,AE11,SR,0,T02-7271,nan,X2000,nan,Y12000,509.60714285714283,1434.4795918367347,0,176
1,177,nan,2017-12-23_00.46.16,file:/Users/tpeters4/Desktop/CellProfiler%20upgrade_study/SR/summary/AE11.T02-7271.SR.2017-12-23_00.46.16.X2000.Y12000.normalized.tile.tissue.png,0,AE11,SR,0,T02-7271,nan,X2000,nan,Y12000,777.723076923077,1437.2730769230768,0,177
1,178,nan,2017-12-23_00.46.16,file:/Users/tpeters4/Desktop/CellProfiler%20upgrade_study/SR/summary/AE11.T02-7271.SR.2017-12-23_00.46.16.X2000.Y12000.normalized.tile.tissue.png,0,AE11,SR,0,T02-7271,nan,X2000,nan,Y12000,660.1866028708134,1443.3141945773525,0,178
1,179,nan,2017-12-23_00.46.16,file:/Users/tpeters4/Desktop/CellProfiler%20upgrade_study/SR/summary/AE11.T02-7271.SR.2017-12-23_00.46.16.X2000.Y12000.normalized.tile.tissue.png,0,AE11,SR,0,T02-7271,nan,X2000,nan,Y12000,413.90588235294115,1458.7361344537815,0,179
1,180,nan,2017-12-23_00.46.16,file:/Users/tpeters4/Desktop/CellProfiler%20upgrade_study/SR/summary/AE11.T02-7271.SR.2017-12-23_00.46.16.X2000.Y12000.normalized.tile.tissue.png,0,AE11,SR,0,T02-7271,nan,X2000,nan,Y12000,591.2018779342723,1449.0046948356808,0,180
1,181,nan,2017-12-23_00.46.16,file:/Users/tpeters4/Desktop/CellProfiler%20upgrade_study/SR/summary/AE11.T02-7271.SR.2017-12-23_00.46.16.X2000.Y12000.normalized.tile.tissue.png,0,AE11,SR,0,T02-7271,nan,X2000,nan,Y12000,459.9501116902457,1480.9501116902456,0,181
1,182,nan,2017-12-23_00.46.16,file:/Users/tpeters4/Desktop/CellProfiler%20upgrade_study/SR/summary/AE11.T02-7271.SR.2017-12-23_00.46.16.X2000.Y12000.normalized.tile.tissue.png,0,AE11,SR,0,T02-7271,nan,X2000,nan,Y12000,1115.6244897959184,1459.3265306122448,0,182
1,183,nan,2017-12-23_00.46.16,file:/Users/tpeters4/Desktop/CellProfiler%20upgrade_study/SR/summary/AE11.T02-7271.SR.2017-12-23_00.46.16.X2000.Y12000.normalized.tile.tissue.png,0,AE11,SR,0,T02-7271,nan,X2000,nan,Y12000,872.232502396932,1487.1016299137104,0,183
1,184,nan,2017-12-23_00.46.16,file:/Users/tpeters4/Desktop/CellProfiler%20upgrade_study/SR/summary/AE11.T02-7271.SR.2017-12-23_00.46.16.X2000.Y12000.normalized.tile.tissue.png,0,AE11,SR,0,T02-7271,nan,X2000,nan,Y12000,1062.036866359447,1474.3917050691243,0,184
1,185,nan,2017-12-23_00.46.16,file:/Users/tpeters4/Desktop/CellProfiler%20upgrade_study/SR/summary/AE11.T02-7271.SR.2017-12-23_00.46.16.X2000.Y12000.normalized.tile.tissue.png,0,AE11,SR,0,T02-7271,nan,X2000,nan,Y12000,752.58225667528,1483.1472868217054,0,185
1,186,nan,2017-12-23_00.46.16,file:/Users/tpeters4/Desktop/CellProfiler%20upgrade_study/SR/summary/AE11.T02-7271.SR.2017-12-23_00.46.16.X2000.Y12000.normalized.tile.tissue.png,0,AE11,SR,0,T02-7271,nan,X2000,nan,Y12000,174.70616883116884,1484.935064935065,0,186
1,187,nan,2017-12-23_00.46.16,file:/Users/tpeters4/Desktop/CellProfiler%20upgrade_study/SR/summary/AE11.T02-7271.SR.2017-12-23_00.46.16.X2000.Y12000.normalized.tile.tissue.png,0,AE11,SR,0,T02-7271,nan,X2000,nan,Y12000,70.26974231088944,1516.7061512884457,0,187
1,188,nan,2017-12-23_00.46.16,file:/Users/tpeters4/Desktop/CellProfiler%20upgrade_study/SR/summary/AE11.T02-7271.SR.2017-12-23_00.46.16.X2000.Y12000.normalized.tile.tissue.png,0,AE11,SR,0,T02-7271,nan,X2000,nan,Y12000,236.19031141868513,1507.4290657439446,0,188
1,189,nan,2017-12-23_00.46.16,file:/Users/tpeters4/Desktop/CellProfiler%20upgrade_study/SR/summary/AE11.T02-7271.SR.2017-12-23_00.46.16.X2000.Y12000.normalized.tile.tissue.png,0,AE11,SR,0,T02-7271,nan,X2000,nan,Y12000,605.9468085106383,1508.2553191489362,0,189
1,190,nan,2017-12-23_00.46.16,file:/Users/tpeters4/Desktop/CellProfiler%20upgrade_study/SR/summary/AE11.T02-7271.SR.2017-12-23_00.46.16.X2000.Y12000.normalized.tile.tissue.png,0,AE11,SR,0,T02-7271,nan,X2000,nan,Y12000,148.42253521126761,1525.8338028169014,0,190
1,191,nan,2017-12-23_00.46.16,file:/Users/tpeters4/Desktop/CellProfiler%20upgrade_study/SR/summary/AE11.T02-7271.SR.2017-12-23_00.46.16.X2000.Y12000.normalized.tile.tissue.png,0,AE11,SR,0,T02-7271,nan,X2000,nan,Y12000,569.7989417989418,1522.2698412698412,0,191
1,192,nan,2017-12-23_00.46.16,file:/Users/tpeters4/Desktop/CellProfiler%20upgrade_study/SR/summary/AE11.T02-7271.SR.2017-12-23_00.46.16.X2000.Y12000.normalized.tile.tissue.png,0,AE11,SR,0,T02-7271,nan,X2000,nan,Y12000,473.0128755364807,1538.6824034334763,0,192
1,193,nan,2017-12-23_00.46.16,file:/Users/tpeters4/Desktop/CellProfiler%20upgrade_study/SR/summary/AE11.T02-7271.SR.2017-12-23_00.46.16.X2000.Y12000.normalized.tile.tissue.png,0,AE11,SR,0,T02-7271,nan,X2000,nan,Y12000,221.85173501577287,1537.627760252366,0,193
1,194,nan,2017-12-23_00.46.16,file:/Users/tpeters4/Desktop/CellProfiler%20upgrade_study/SR/summary/AE11.T02-7271.SR.2017-12-23_00.46.16.X2000.Y12000.normalized.tile.tissue.png,0,AE11,SR,0,T02-7271,nan,X2000,nan,Y12000,197.37707641196013,1567.43853820598,0,194
1,195,nan,2017-12-23_00.46.16,file:/Users/tpeters4/Desktop/CellProfiler%20upgrade_study/SR/summary/AE11.T02-7271.SR.2017-12-23_00.46.16.X2000.Y12000.normalized.tile.tissue.png,0,AE11,SR,0,T02-7271,nan,X2000,nan,Y12000,82.6923076923077,1578.212669683258,0,195
1,196,nan,2017-12-23_00.46.16,file:/Users/tpeters4/Desktop/CellProfiler%20upgrade_study/SR/summary/AE11.T02-7271.SR.2017-12-23_00.46.16.X2000.Y12000.normalized.tile.tissue.png,0,AE11,SR,0,T02-7271,nan,X2000,nan,Y12000,146.44401544401543,1579.2625482625483,0,196
1,197,nan,2017-12-23_00.46.16,file:/Users/tpeters4/Desktop/CellProfiler%20upgrade_study/SR/summary/AE11.T02-7271.SR.2017-12-23_00.46.16.X2000.Y12000.normalized.tile.tissue.png,0,AE11,SR,0,T02-7271,nan,X2000,nan,Y12000,108.07692307692308,1623.3509615384614,0,197
1,198,nan,2017-12-23_00.46.16,file:/Users/tpeters4/Desktop/CellProfiler%20upgrade_study/SR/summary/AE11.T02-7271.SR.2017-12-23_00.46.16.X2000.Y12000.normalized.tile.tissue.png,0,AE11,SR,0,T02-7271,nan,X2000,nan,Y12000,21.053635280095353,1629.4028605482717,0,198
1,199,nan,2017-12-23_00.46.16,file:/Users/tpeters4/Desktop/CellProfiler%20upgrade_study/SR/summary/AE11.T02-7271.SR.2017-12-23_00.46.16.X2000.Y12000.normalized.tile.tissue.png,0,AE11,SR,0,T02-7271,nan,X2000,nan,Y12000,1919.8684210526317,1740.96783625731,0,199
1,200,nan,2017-12-23_00.46.16,file:/Users/tpeters4/Desktop/CellProfiler%20upgrade_study/SR/summary/AE11.T02-7271.SR.2017-12-23_00.46.16.X2000.Y12000.normalized.tile.tissue.png,0,AE11,SR,0,T02-7271,nan,X2000,nan,Y12000,1850.1270718232045,1753.1491712707182,0,200
1,201,nan,2017-12-23_00.46.16,file:/Users/tpeters4/Desktop/CellProfiler%20upgrade_study/SR/summary/AE11.T02-7271.SR.2017-12-23_00.46.16.X2000.Y12000.normalized.tile.tissue.png,0,AE11,SR,0,T02-7271,nan,X2000,nan,Y12000,1913.5106382978724,1763.4212765957448,0,201
1,202,nan,2017-12-23_00.46.16,file:/Users/tpeters4/Desktop/CellProfiler%20upgrade_study/SR/summary/AE11.T02-7271.SR.2017-12-23_00.46.16.X2000.Y12000.normalized.tile.tissue.png,0,AE11,SR,0,T02-7271,nan,X2000,nan,Y12000,1885.1360691144707,1828.3547516198705,0,202
1,203,nan,2017-12-23_00.46.16,file:/Users/tpeters4/Desktop/CellProfiler%20upgrade_study/SR/summary/AE11.T02-7271.SR.2017-12-23_00.46.16.X2000.Y12000.normalized.tile.tissue.png,0,AE11,SR,0,T02-7271,nan,X2000,nan,Y12000,1716.9148418491484,1826.0243309002433,0,203
1,204,nan,2017-12-23_00.46.16,file:/Users/tpeters4/Desktop/CellProfiler%20upgrade_study/SR/summary/AE11.T02-7271.SR.2017-12-23_00.46.16.X2000.Y12000.normalized.tile.tissue.png,0,AE11,SR,0,T02-7271,nan,X2000,nan,Y12000,1839.4588066673743,1927.0177832041618,0,204
1,205,nan,2017-12-23_00.46.16,file:/Users/tpeters4/Desktop/CellProfiler%20upgrade_study/SR/summary/AE11.T02-7271.SR.2017-12-23_00.46.16.X2000.Y12000.normalized.tile.tissue.png,0,AE11,SR,0,T02-7271,nan,X2000,nan,Y12000,1949.3368421052633,1865.2,0,205
1,206,nan,2017-12-23_00.46.16,file:/Users/tpeters4/Desktop/CellProfiler%20upgrade_study/SR/summary/AE11.T02-7271.SR.2017-12-23_00.46.16.X2000.Y12000.normalized.tile.tissue.png,0,AE11,SR,0,T02-7271,nan,X2000,nan,Y12000,1582.2970282746683,1932.689411425274,0,206
1,207,nan,2017-12-23_00.46.16,file:/Users/tpeters4/Desktop/CellProfiler%20upgrade_study/SR/summary/AE11.T02-7271.SR.2017-12-23_00.46.16.X2000.Y12000.normalized.tile.tissue.png,0,AE11,SR,0,T02-7271,nan,X2000,nan,Y12000,1623.286432160804,1887.502512562814,0,207
1,208,nan,2017-12-23_00.46.16,file:/Users/tpeters4/Desktop/CellProfiler%20upgrade_study/SR/summary/AE11.T02-7271.SR.2017-12-23_00.46.16.X2000.Y12000.normalized.tile.tissue.png,0,AE11,SR,0,T02-7271,nan,X2000,nan,Y12000,1979.888888888889,1888.4756944444443,0,208
1,209,nan,2017-12-23_00.46.16,file:/Users/tpeters4/Desktop/CellProfiler%20upgrade_study/SR/summary/AE11.T02-7271.SR.2017-12-23_00.46.16.X2000.Y12000.normalized.tile.tissue.png,0,AE11,SR,0,T02-7271,nan,X2000,nan,Y12000,1669.4518633540372,1924.5854037267081,0,209
1,210,nan,2017-12-23_00.46.16,file:/Users/tpeters4/Desktop/CellProfiler%20upgrade_study/SR/summary/AE11.T02-7271.SR.2017-12-23_00.46.16.X2000.Y12000.normalized.tile.tissue.png,0,AE11,SR,0,T02-7271,nan,X2000,nan,Y12000,487.13993710691824,1921.3600628930817,0,210
1,211,nan,2017-12-23_00.46.16,file:/Users/tpeters4/Desktop/CellProfiler%20upgrade_study/SR/summary/AE11.T02-7271.SR.2017-12-23_00.46.16.X2000.Y12000.normalized.tile.tissue.png,0,AE11,SR,0,T02-7271,nan,X2000,nan,Y12000,1957.5100502512562,1935.5226130653266,0,211
1,212,nan,2017-12-23_00.46.16,file:/Users/tpeters4/Desktop/CellProfiler%20upgrade_study/SR/summary/AE11.T02-7271.SR.2017-12-23_00.46.16.X2000.Y12000.normalized.tile.tissue.png,0,AE11,SR,0,T02-7271,nan,X2000,nan,Y12000,535.6461916461916,1940.5405405405406,0,212
1,213,nan,2017-12-23_00.46.16,file:/Users/tpeters4/Desktop/CellProfiler%20upgrade_study/SR/summary/AE11.T02-7271.SR.2017-12-23_00.46.16.X2000.Y12000.normalized.tile.tissue.png,0,AE11,SR,0,T02-7271,nan,X2000,nan,Y12000,386.36116700201205,1969.3013078470824,0,213
1,214,nan,2017-12-23_00.46.16,file:/Users/tpeters4/Desktop/CellProfiler%20upgrade_study/SR/summary/AE11.T02-7271.SR.2017-12-23_00.46.16.X2000.Y12000.normalized.tile.tissue.png,0,AE11,SR,0,T02-7271,nan,X2000,nan,Y12000,1953.5253399258343,1977.5925010300782,0,214
1,215,nan,2017-12-23_00.46.16,file:/Users/tpeters4/Desktop/CellProfiler%20upgrade_study/SR/summary/AE11.T02-7271.SR.2017-12-23_00.46.16.X2000.Y12000.normalized.tile.tissue.png,0,AE11,SR,0,T02-7271,nan,X2000,nan,Y12000,1438.7729566094854,1985.217961654894,0,215
1,216,nan,2017-12-23_00.46.16,file:/Users/tpeters4/Desktop/CellProfiler%20upgrade_study/SR/summary/AE11.T02-7271.SR.2017-12-23_00.46.16.X2000.Y12000.normalized.tile.tissue.png,0,AE11,SR,0,T02-7271,nan,X2000,nan,Y12000,1538.4779220779221,1986.9012987012986,0,216
1,217,nan,2017-12-23_00.46.16,file:/Users/tpeters4/Desktop/CellProfiler%20upgrade_study/SR/summary/AE11.T02-7271.SR.2017-12-23_00.46.16.X2000.Y12000.normalized.tile.tissue.png,0,AE11,SR,0,T02-7271,nan,X2000,nan,Y12000,1360.3101851851852,1990.7314814814815,0,217
